"h2","h2.upper","h2.lower","concentration_um","drug"
0,0.0419360856048965,-0.0419360856048965,0,"Albendazole"
0,0.0418451585985153,-0.0418451585985153,0.117,"Albendazole"
0,0.0419360856048965,-0.0419360856048965,0.234,"Albendazole"
0,0.0412804327352135,-0.0412804327352135,0.468,"Albendazole"
0.194286241371118,0.339451213117725,0.049121269624511,0.9375,"Albendazole"
0.207118232790911,0.353541288378397,0.0606951772034246,1.875,"Albendazole"
0.734857855115882,0.873025993311465,0.5966897169203,3.75,"Albendazole"
0.764084985970728,0.890843318104735,0.637326653836721,7.5,"Albendazole"
0.795432322183716,0.908982386372917,0.681882257994515,15,"Albendazole"
0.684540801435335,0.838352078005494,0.530729524865177,30,"Albendazole"
0.776731237624646,0.899318236516974,0.654144238732318,60,"Albendazole"
0.79855425245618,0.910762028025634,0.686346476886725,120,"Albendazole"
0,0.045385344227982,-0.045385344227982,0,"Fenbendazole"
0,0.0412804327352135,-0.0412804327352135,0.117,"Fenbendazole"
0.0571715452695681,0.139843872771744,-0.0255007822326074,0.234,"Fenbendazole"
0.013095756945124,0.0696427360866018,-0.0434512221963538,0.468,"Fenbendazole"
0.021090014962678,0.0798609661230487,-0.0376809361976927,0.937,"Fenbendazole"
0.32139153783669,0.499092096596597,0.143690979076783,1.875,"Fenbendazole"
0.275788343205085,0.441414623613979,0.110162062796192,3.75,"Fenbendazole"
0.396008858796798,0.58002992494584,0.211987792647757,7.5,"Fenbendazole"
0.211343900856065,0.36673983688171,0.0559479648304191,15,"Fenbendazole"
0.654508964801612,0.817832170445433,0.491185759157792,60,"Fenbendazole"
0.86317583176442,0.945716615484295,0.780635048044546,120,"Fenbendazole"
0,0.0412804327352135,-0.0412804327352135,0,"Ivermectin"
0,0.0446851035881877,-0.0446851035881877,5.8e-05,"Ivermectin"
0,0.0412804327352135,-0.0412804327352135,0.00011,"Ivermectin"
0.0051887417820199,0.0526728375212727,-0.0422953539572329,0.00023,"Ivermectin"
0.808335374350554,0.916919385745587,0.699751362955521,0.00046,"Ivermectin"
0.83282754946474,0.930799533696368,0.734855565233112,0.00093,"Ivermectin"
0.937321574719484,0.977670854025763,0.896972295413204,0.0018,"Ivermectin"
0.970549867957441,0.99027655937476,0.950823176540122,0.0037,"Ivermectin"
0.981118421654699,0.993852625240011,0.968384218069388,0.0075,"Ivermectin"
0.971722098288365,0.990578294508419,0.952865902068311,0.015,"Ivermectin"
0.95154539079294,0.983336863237203,0.919753918348676,0.03,"Ivermectin"
0,0.043546042767175,-0.043546042767175,2.9e-05,"Ivermectin"
0,0.0133795532189616,-0.0133795532189616,0,"Moxidectin"
0,0.0135788035881484,-0.0135788035881484,0.00097,"Moxidectin"
0.0242762163538785,0.0561791178225836,-0.00762668511482666,0.0019,"Moxidectin"
0.084427174618251,0.150368766914413,0.0184855823220888,0.0039,"Moxidectin"
0.0337140677618428,0.0716328355695668,-0.00420470004588128,0.0078,"Moxidectin"
0.263452304566605,0.399994252065086,0.126910357068124,0.0156,"Moxidectin"
0.74662526500971,0.870763374657789,0.622487155361631,0.03125,"Moxidectin"
0.804288625588421,0.907276439161395,0.701300812015448,0.0625,"Moxidectin"
0.861729734774128,0.939412560620116,0.78404690892814,0.125,"Moxidectin"
0.841567469573233,0.92845627111903,0.754678668027437,0.25,"Moxidectin"
0.820661159718761,0.916805308462148,0.724517010975374,0.5,"Moxidectin"
0.772144842358455,0.887390564189085,0.656899120527824,1,"Moxidectin"
0,0.0136985810795134,-0.0136985810795134,0,"Milbemycin"
0,0.0136467205672332,-0.0136467205672332,0.00097,"Milbemycin"
0,0.0136737801688597,-0.0136737801688597,0.0019,"Milbemycin"
0,0.0137524351101423,-0.0137524351101423,0.0156,"Milbemycin"
0,0.0133352972750193,-0.0133352972750193,0.03125,"Milbemycin"
0.0646129020469047,0.119819755241572,0.00940604885223729,0.0625,"Milbemycin"
0.437341724472082,0.602786081009549,0.271897367934615,0.25,"Milbemycin"
0.695983629634846,0.835071308564802,0.556895950704891,0.5,"Milbemycin"
0.72083048930515,0.852969016357156,0.588691962253144,1,"Milbemycin"
0.305551350441072,0.452403831689033,0.15869886919311,0.0039,"Milbemycin"
0,0.0143030556179735,-0.0143030556179735,0.0078,"Milbemycin"
0.00674310015669802,0.0260250307882564,-0.0125388304748603,0.125,"Milbemycin"
0,0.0439791564090305,-0.0439791564090305,0,"Levamisole"
0.0726999024313302,0.163844701528337,-0.018444896665677,0.136,"Levamisole"
0.193377613623236,0.335361806717925,0.0513934205285478,0.273,"Levamisole"
0.156854677125895,0.286939266456631,0.0267700877951584,0.546,"Levamisole"
0.146037113494728,0.270382041050738,0.0216921859387172,1.09,"Levamisole"
0.735064404126543,0.872517124173651,0.597611684079435,2.1875,"Levamisole"
0.755527400801741,0.885951733207211,0.625103068396271,4.375,"Levamisole"
0.935963237674162,0.977486033761809,0.894440441586514,8.75,"Levamisole"
0.850370127483621,0.939099265103095,0.761640989864146,17.5,"Levamisole"
0.862850881939486,0.944984410967694,0.780717352911278,35,"Levamisole"
0.798844930442573,0.910930468642237,0.686759392242909,70,"Levamisole"
0.87142034849905,0.950202965878871,0.79263773111923,140,"Levamisole"
0,0.0447085494547624,-0.0447085494547624,0,"Pyrantel"
0,0.0429579332951715,-0.0429579332951715,0.292,"Pyrantel"
0.0296358134554576,0.0955004918691894,-0.0362288649582741,0.585,"Pyrantel"
0.0520046090687997,0.131472954329624,-0.0274637361920249,1.17,"Pyrantel"
0.000527056817463545,0.0447110205060076,-0.0436569068710805,2.34,"Pyrantel"
0.0849995125420837,0.182550071467436,-0.0125510463832687,4.68,"Pyrantel"
0.0495121511230762,0.127002339124946,-0.0279780368787934,9.375,"Pyrantel"
0.538571555690815,0.721391205288114,0.355751906093516,18.75,"Pyrantel"
0.453300307743216,0.640645409214894,0.265955206271539,37.5,"Pyrantel"
0.503763194650903,0.689282516456039,0.318243872845768,75,"Pyrantel"
0.589243224129122,0.764227218623891,0.414259229634352,150,"Pyrantel"
0.87968380506576,0.953008389181502,0.806359220950019,300,"Pyrantel"
0,0.0450249942701075,-0.0450249942701075,0.00097,"Emodepside"
0,0.0419123197778661,-0.0419123197778661,0.00195,"Emodepside"
0,0.0425256559556827,-0.0425256559556827,0.0039,"Emodepside"
0,0.0425462951899948,-0.0425462951899948,0.0078,"Emodepside"
0.14514972695933,0.269118981471906,0.0211804724467543,0.0156,"Emodepside"
0.689762230947712,0.84253243399602,0.536992027899405,0.0312,"Emodepside"
0.870313823069655,0.948367852546894,0.792259793592416,0.0625,"Emodepside"
0.982925159730712,0.994428904892997,0.971421414568426,0.125,"Emodepside"
0.9931224622475,0.997827856623031,0.98841706787197,0.25,"Emodepside"
0.997682724450515,0.999296108488714,0.996069340412315,0.5,"Emodepside"
0.988037144032052,0.996264246579537,0.979810041484566,1,"Emodepside"
0,0.04635621044792,-0.04635621044792,0,"Emodepside"
0,0.0444082012111721,-0.0444082012111721,0,"Closantel"
0.137203425418807,0.257649117001734,0.016757733835879,0.097,"Closantel"
0.213236215737239,0.363049886357965,0.0634225451165137,0.195,"Closantel"
0.155689928819514,0.288320742732848,0.0230591149061798,0.39,"Closantel"
0.279225845832501,0.445618520997995,0.112833170667007,0.78,"Closantel"
0.211159987778116,0.35907848434187,0.0632414912143616,1.56,"Closantel"
0.913285259016233,0.967808888038764,0.858761629993702,6.25,"Closantel"
0.948593221013955,0.982136460234824,0.915049981793085,12.5,"Closantel"
0.953471501574604,0.984053964597465,0.922889038551743,25,"Closantel"
0.9530562911977,0.983994214486505,0.922118367908896,50,"Closantel"
0.960047257011304,0.98663224219195,0.933462271830657,100,"Closantel"
0.424070059439803,0.610677770934537,0.237462347945069,3.125,"Closantel"
