Metadata_Plate,Metadata_Well,assay_type,food_conc_OD,food_type,diluent,diluent_concentration_perc,drug,concentration_um,drug_stock_prep_date,drug_prep_method,strain,bleach,well_censor,well_censor_reason,notes
p031,A01,48h,10,15hHB101,DMSO,1,Closantel,0,,,ECA2666,1,,,
p031,B01,48h,10,15hHB101,DMSO,1,Closantel,0,,,JU3237,1,,,
p031,C01,48h,10,15hHB101,DMSO,1,Closantel,0,,,VX34,1,,,
p031,D01,48h,10,15hHB101,DMSO,1,Closantel,0,,,NIC1667,1,,,
p031,E01,48h,10,15hHB101,DMSO,1,Closantel,0,,,PB420,1,,,
p031,F01,48h,10,15hHB101,DMSO,1,Closantel,0,,,ED3102,1,,,
p031,A02,48h,10,15hHB101,DMSO,1,Closantel,0.097,,,ECA2666,1,,,
p031,B02,48h,10,15hHB101,DMSO,1,Closantel,0.097,,,JU3237,1,,,
p031,C02,48h,10,15hHB101,DMSO,1,Closantel,0.097,,,VX34,1,,,
p031,D02,48h,10,15hHB101,DMSO,1,Closantel,0.097,,,NIC1667,1,,,
p031,E02,48h,10,15hHB101,DMSO,1,Closantel,0.097,,,PB420,1,,,
p031,F02,48h,10,15hHB101,DMSO,1,Closantel,0.097,,,ED3102,1,,,
p031,A03,48h,10,15hHB101,DMSO,1,Closantel,0.195,,,ECA2666,1,,,
p031,B03,48h,10,15hHB101,DMSO,1,Closantel,0.195,,,JU3237,1,,,
p031,C03,48h,10,15hHB101,DMSO,1,Closantel,0.195,,,VX34,1,,,
p031,D03,48h,10,15hHB101,DMSO,1,Closantel,0.195,,,NIC1667,1,,,
p031,E03,48h,10,15hHB101,DMSO,1,Closantel,0.195,,,PB420,1,,,
p031,F03,48h,10,15hHB101,DMSO,1,Closantel,0.195,,,ED3102,1,,,
p031,A04,48h,10,15hHB101,DMSO,1,Closantel,0.39,,,ECA2666,1,,,
p031,B04,48h,10,15hHB101,DMSO,1,Closantel,0.39,,,JU3237,1,,,
p031,C04,48h,10,15hHB101,DMSO,1,Closantel,0.39,,,VX34,1,,,
p031,D04,48h,10,15hHB101,DMSO,1,Closantel,0.39,,,NIC1667,1,,,
p031,E04,48h,10,15hHB101,DMSO,1,Closantel,0.39,,,PB420,1,,,
p031,F04,48h,10,15hHB101,DMSO,1,Closantel,0.39,,,ED3102,1,,,
p031,A05,48h,10,15hHB101,DMSO,1,Closantel,0.78,,,ECA2666,1,,,
p031,B05,48h,10,15hHB101,DMSO,1,Closantel,0.78,,,JU3237,1,,,
p031,C05,48h,10,15hHB101,DMSO,1,Closantel,0.78,,,VX34,1,,,
p031,D05,48h,10,15hHB101,DMSO,1,Closantel,0.78,,,NIC1667,1,,,
p031,E05,48h,10,15hHB101,DMSO,1,Closantel,0.78,,,PB420,1,,,
p031,F05,48h,10,15hHB101,DMSO,1,Closantel,0.78,,,ED3102,1,,,
p031,A06,48h,10,15hHB101,DMSO,1,Closantel,1.56,,,ECA2666,1,,,
p031,B06,48h,10,15hHB101,DMSO,1,Closantel,1.56,,,JU3237,1,,,
p031,C06,48h,10,15hHB101,DMSO,1,Closantel,1.56,,,VX34,1,,,
p031,D06,48h,10,15hHB101,DMSO,1,Closantel,1.56,,,NIC1667,1,,,
p031,E06,48h,10,15hHB101,DMSO,1,Closantel,1.56,,,PB420,1,,,
p031,F06,48h,10,15hHB101,DMSO,1,Closantel,1.56,,,ED3102,1,,,
p031,A07,48h,10,15hHB101,DMSO,1,Closantel,3.125,,,ECA2666,1,,,
p031,B07,48h,10,15hHB101,DMSO,1,Closantel,3.125,,,JU3237,1,,,
p031,C07,48h,10,15hHB101,DMSO,1,Closantel,3.125,,,VX34,1,,,
p031,D07,48h,10,15hHB101,DMSO,1,Closantel,3.125,,,NIC1667,1,,,
p031,E07,48h,10,15hHB101,DMSO,1,Closantel,3.125,,,PB420,1,,,
p031,F07,48h,10,15hHB101,DMSO,1,Closantel,3.125,,,ED3102,1,,,
p031,A08,48h,10,15hHB101,DMSO,1,Closantel,6.25,,,ECA2666,1,,,
p031,B08,48h,10,15hHB101,DMSO,1,Closantel,6.25,,,JU3237,1,,,
p031,C08,48h,10,15hHB101,DMSO,1,Closantel,6.25,,,VX34,1,,,
p031,D08,48h,10,15hHB101,DMSO,1,Closantel,6.25,,,NIC1667,1,,,
p031,E08,48h,10,15hHB101,DMSO,1,Closantel,6.25,,,PB420,1,,,
p031,F08,48h,10,15hHB101,DMSO,1,Closantel,6.25,,,ED3102,1,,,
p031,A09,48h,10,15hHB101,DMSO,1,Closantel,12.5,,,ECA2666,1,,,
p031,B09,48h,10,15hHB101,DMSO,1,Closantel,12.5,,,JU3237,1,,,
p031,C09,48h,10,15hHB101,DMSO,1,Closantel,12.5,,,VX34,1,,,
p031,D09,48h,10,15hHB101,DMSO,1,Closantel,12.5,,,NIC1667,1,,,
p031,E09,48h,10,15hHB101,DMSO,1,Closantel,12.5,,,PB420,1,,,
p031,F09,48h,10,15hHB101,DMSO,1,Closantel,12.5,,,ED3102,1,,,
p031,A10,48h,10,15hHB101,DMSO,1,Closantel,25,,,ECA2666,1,,,
p031,B10,48h,10,15hHB101,DMSO,1,Closantel,25,,,JU3237,1,,,
p031,C10,48h,10,15hHB101,DMSO,1,Closantel,25,,,VX34,1,,,
p031,D10,48h,10,15hHB101,DMSO,1,Closantel,25,,,NIC1667,1,,,
p031,E10,48h,10,15hHB101,DMSO,1,Closantel,25,,,PB420,1,,,
p031,F10,48h,10,15hHB101,DMSO,1,Closantel,25,,,ED3102,1,,,
p031,A11,48h,10,15hHB101,DMSO,1,Closantel,50,,,ECA2666,1,,,
p031,B11,48h,10,15hHB101,DMSO,1,Closantel,50,,,JU3237,1,,,
p031,C11,48h,10,15hHB101,DMSO,1,Closantel,50,,,VX34,1,,,
p031,D11,48h,10,15hHB101,DMSO,1,Closantel,50,,,NIC1667,1,,,
p031,E11,48h,10,15hHB101,DMSO,1,Closantel,50,,,PB420,1,,,
p031,F11,48h,10,15hHB101,DMSO,1,Closantel,50,,,ED3102,1,,,
p031,A12,48h,10,15hHB101,DMSO,1,Closantel,100,,,ECA2666,1,,,
p031,B12,48h,10,15hHB101,DMSO,1,Closantel,100,,,JU3237,1,,,
p031,C12,48h,10,15hHB101,DMSO,1,Closantel,100,,,VX34,1,,,
p031,D12,48h,10,15hHB101,DMSO,1,Closantel,100,,,NIC1667,1,,,
p031,E12,48h,10,15hHB101,DMSO,1,Closantel,100,,,PB420,1,,,
p031,F12,48h,10,15hHB101,DMSO,1,Closantel,100,,,ED3102,1,,,
p032,A01,48h,10,15hHB101,DMSO,1,Closantel,0,,,ECA2666,1,,,
p032,B01,48h,10,15hHB101,DMSO,1,Closantel,0,,,JU3237,1,,,
p032,C01,48h,10,15hHB101,DMSO,1,Closantel,0,,,VX34,1,,,
p032,D01,48h,10,15hHB101,DMSO,1,Closantel,0,,,NIC1667,1,,,
p032,E01,48h,10,15hHB101,DMSO,1,Closantel,0,,,PB420,1,,,
p032,F01,48h,10,15hHB101,DMSO,1,Closantel,0,,,ED3102,1,,,
p032,A02,48h,10,15hHB101,DMSO,1,Closantel,0.097,,,ECA2666,1,,,
p032,B02,48h,10,15hHB101,DMSO,1,Closantel,0.097,,,JU3237,1,,,
p032,C02,48h,10,15hHB101,DMSO,1,Closantel,0.097,,,VX34,1,,,
p032,D02,48h,10,15hHB101,DMSO,1,Closantel,0.097,,,NIC1667,1,,,
p032,E02,48h,10,15hHB101,DMSO,1,Closantel,0.097,,,PB420,1,,,
p032,F02,48h,10,15hHB101,DMSO,1,Closantel,0.097,,,ED3102,1,,,
p032,A03,48h,10,15hHB101,DMSO,1,Closantel,0.195,,,ECA2666,1,,,
p032,B03,48h,10,15hHB101,DMSO,1,Closantel,0.195,,,JU3237,1,,,
p032,C03,48h,10,15hHB101,DMSO,1,Closantel,0.195,,,VX34,1,,,
p032,D03,48h,10,15hHB101,DMSO,1,Closantel,0.195,,,NIC1667,1,,,
p032,E03,48h,10,15hHB101,DMSO,1,Closantel,0.195,,,PB420,1,,,
p032,F03,48h,10,15hHB101,DMSO,1,Closantel,0.195,,,ED3102,1,,,
p032,A04,48h,10,15hHB101,DMSO,1,Closantel,0.39,,,ECA2666,1,,,
p032,B04,48h,10,15hHB101,DMSO,1,Closantel,0.39,,,JU3237,1,,,
p032,C04,48h,10,15hHB101,DMSO,1,Closantel,0.39,,,VX34,1,,,
p032,D04,48h,10,15hHB101,DMSO,1,Closantel,0.39,,,NIC1667,1,,,
p032,E04,48h,10,15hHB101,DMSO,1,Closantel,0.39,,,PB420,1,,,
p032,F04,48h,10,15hHB101,DMSO,1,Closantel,0.39,,,ED3102,1,,,
p032,A05,48h,10,15hHB101,DMSO,1,Closantel,0.78,,,ECA2666,1,,,
p032,B05,48h,10,15hHB101,DMSO,1,Closantel,0.78,,,JU3237,1,,,
p032,C05,48h,10,15hHB101,DMSO,1,Closantel,0.78,,,VX34,1,,,
p032,D05,48h,10,15hHB101,DMSO,1,Closantel,0.78,,,NIC1667,1,,,
p032,E05,48h,10,15hHB101,DMSO,1,Closantel,0.78,,,PB420,1,,,
p032,F05,48h,10,15hHB101,DMSO,1,Closantel,0.78,,,ED3102,1,,,
p032,A06,48h,10,15hHB101,DMSO,1,Closantel,1.56,,,ECA2666,1,,,
p032,B06,48h,10,15hHB101,DMSO,1,Closantel,1.56,,,JU3237,1,,,
p032,C06,48h,10,15hHB101,DMSO,1,Closantel,1.56,,,VX34,1,,,
p032,D06,48h,10,15hHB101,DMSO,1,Closantel,1.56,,,NIC1667,1,,,
p032,E06,48h,10,15hHB101,DMSO,1,Closantel,1.56,,,PB420,1,,,
p032,F06,48h,10,15hHB101,DMSO,1,Closantel,1.56,,,ED3102,1,,,
p032,A07,48h,10,15hHB101,DMSO,1,Closantel,3.125,,,ECA2666,1,,,
p032,B07,48h,10,15hHB101,DMSO,1,Closantel,3.125,,,JU3237,1,,,
p032,C07,48h,10,15hHB101,DMSO,1,Closantel,3.125,,,VX34,1,,,
p032,D07,48h,10,15hHB101,DMSO,1,Closantel,3.125,,,NIC1667,1,,,
p032,E07,48h,10,15hHB101,DMSO,1,Closantel,3.125,,,PB420,1,,,
p032,F07,48h,10,15hHB101,DMSO,1,Closantel,3.125,,,ED3102,1,,,
p032,A08,48h,10,15hHB101,DMSO,1,Closantel,6.25,,,ECA2666,1,,,
p032,B08,48h,10,15hHB101,DMSO,1,Closantel,6.25,,,JU3237,1,,,
p032,C08,48h,10,15hHB101,DMSO,1,Closantel,6.25,,,VX34,1,,,
p032,D08,48h,10,15hHB101,DMSO,1,Closantel,6.25,,,NIC1667,1,,,
p032,E08,48h,10,15hHB101,DMSO,1,Closantel,6.25,,,PB420,1,,,
p032,F08,48h,10,15hHB101,DMSO,1,Closantel,6.25,,,ED3102,1,,,
p032,A09,48h,10,15hHB101,DMSO,1,Closantel,12.5,,,ECA2666,1,,,
p032,B09,48h,10,15hHB101,DMSO,1,Closantel,12.5,,,JU3237,1,,,
p032,C09,48h,10,15hHB101,DMSO,1,Closantel,12.5,,,VX34,1,,,
p032,D09,48h,10,15hHB101,DMSO,1,Closantel,12.5,,,NIC1667,1,,,
p032,E09,48h,10,15hHB101,DMSO,1,Closantel,12.5,,,PB420,1,,,
p032,F09,48h,10,15hHB101,DMSO,1,Closantel,12.5,,,ED3102,1,,,
p032,A10,48h,10,15hHB101,DMSO,1,Closantel,25,,,ECA2666,1,,,
p032,B10,48h,10,15hHB101,DMSO,1,Closantel,25,,,JU3237,1,,,
p032,C10,48h,10,15hHB101,DMSO,1,Closantel,25,,,VX34,1,,,
p032,D10,48h,10,15hHB101,DMSO,1,Closantel,25,,,NIC1667,1,,,
p032,E10,48h,10,15hHB101,DMSO,1,Closantel,25,,,PB420,1,,,
p032,F10,48h,10,15hHB101,DMSO,1,Closantel,25,,,ED3102,1,,,
p032,A11,48h,10,15hHB101,DMSO,1,Closantel,50,,,ECA2666,1,,,
p032,B11,48h,10,15hHB101,DMSO,1,Closantel,50,,,JU3237,1,,,
p032,C11,48h,10,15hHB101,DMSO,1,Closantel,50,,,VX34,1,,,
p032,D11,48h,10,15hHB101,DMSO,1,Closantel,50,,,NIC1667,1,,,
p032,E11,48h,10,15hHB101,DMSO,1,Closantel,50,,,PB420,1,,,
p032,F11,48h,10,15hHB101,DMSO,1,Closantel,50,,,ED3102,1,,,
p032,A12,48h,10,15hHB101,DMSO,1,Closantel,100,,,ECA2666,1,,,
p032,B12,48h,10,15hHB101,DMSO,1,Closantel,100,,,JU3237,1,,,
p032,C12,48h,10,15hHB101,DMSO,1,Closantel,100,,,VX34,1,,,
p032,D12,48h,10,15hHB101,DMSO,1,Closantel,100,,,NIC1667,1,,,
p032,E12,48h,10,15hHB101,DMSO,1,Closantel,100,,,PB420,1,,,
p032,F12,48h,10,15hHB101,DMSO,1,Closantel,100,,,ED3102,1,,,
p033,A01,48h,10,15hHB101,DMSO,1,Closantel,0,,,ECA2666,1,,,
p033,B01,48h,10,15hHB101,DMSO,1,Closantel,0,,,JU3237,1,,,
p033,C01,48h,10,15hHB101,DMSO,1,Closantel,0,,,VX34,1,,,
p033,D01,48h,10,15hHB101,DMSO,1,Closantel,0,,,NIC1667,1,,,
p033,E01,48h,10,15hHB101,DMSO,1,Closantel,0,,,PB420,1,,,
p033,F01,48h,10,15hHB101,DMSO,1,Closantel,0,,,ED3102,1,,,
p033,A02,48h,10,15hHB101,DMSO,1,Closantel,0.097,,,ECA2666,1,,,
p033,B02,48h,10,15hHB101,DMSO,1,Closantel,0.097,,,JU3237,1,,,
p033,C02,48h,10,15hHB101,DMSO,1,Closantel,0.097,,,VX34,1,,,
p033,D02,48h,10,15hHB101,DMSO,1,Closantel,0.097,,,NIC1667,1,,,
p033,E02,48h,10,15hHB101,DMSO,1,Closantel,0.097,,,PB420,1,,,
p033,F02,48h,10,15hHB101,DMSO,1,Closantel,0.097,,,ED3102,1,,,
p033,A03,48h,10,15hHB101,DMSO,1,Closantel,0.195,,,ECA2666,1,,,
p033,B03,48h,10,15hHB101,DMSO,1,Closantel,0.195,,,JU3237,1,,,
p033,C03,48h,10,15hHB101,DMSO,1,Closantel,0.195,,,VX34,1,,,
p033,D03,48h,10,15hHB101,DMSO,1,Closantel,0.195,,,NIC1667,1,,,
p033,E03,48h,10,15hHB101,DMSO,1,Closantel,0.195,,,PB420,1,,,
p033,F03,48h,10,15hHB101,DMSO,1,Closantel,0.195,,,ED3102,1,,,
p033,A04,48h,10,15hHB101,DMSO,1,Closantel,0.39,,,ECA2666,1,,,
p033,B04,48h,10,15hHB101,DMSO,1,Closantel,0.39,,,JU3237,1,,,
p033,C04,48h,10,15hHB101,DMSO,1,Closantel,0.39,,,VX34,1,,,
p033,D04,48h,10,15hHB101,DMSO,1,Closantel,0.39,,,NIC1667,1,,,
p033,E04,48h,10,15hHB101,DMSO,1,Closantel,0.39,,,PB420,1,,,
p033,F04,48h,10,15hHB101,DMSO,1,Closantel,0.39,,,ED3102,1,,,
p033,A05,48h,10,15hHB101,DMSO,1,Closantel,0.78,,,ECA2666,1,,,
p033,B05,48h,10,15hHB101,DMSO,1,Closantel,0.78,,,JU3237,1,,,
p033,C05,48h,10,15hHB101,DMSO,1,Closantel,0.78,,,VX34,1,,,
p033,D05,48h,10,15hHB101,DMSO,1,Closantel,0.78,,,NIC1667,1,,,
p033,E05,48h,10,15hHB101,DMSO,1,Closantel,0.78,,,PB420,1,,,
p033,F05,48h,10,15hHB101,DMSO,1,Closantel,0.78,,,ED3102,1,,,
p033,A06,48h,10,15hHB101,DMSO,1,Closantel,1.56,,,ECA2666,1,,,
p033,B06,48h,10,15hHB101,DMSO,1,Closantel,1.56,,,JU3237,1,,,
p033,C06,48h,10,15hHB101,DMSO,1,Closantel,1.56,,,VX34,1,,,
p033,D06,48h,10,15hHB101,DMSO,1,Closantel,1.56,,,NIC1667,1,,,
p033,E06,48h,10,15hHB101,DMSO,1,Closantel,1.56,,,PB420,1,,,
p033,F06,48h,10,15hHB101,DMSO,1,Closantel,1.56,,,ED3102,1,,,
p033,A07,48h,10,15hHB101,DMSO,1,Closantel,3.125,,,ECA2666,1,,,
p033,B07,48h,10,15hHB101,DMSO,1,Closantel,3.125,,,JU3237,1,,,
p033,C07,48h,10,15hHB101,DMSO,1,Closantel,3.125,,,VX34,1,,,
p033,D07,48h,10,15hHB101,DMSO,1,Closantel,3.125,,,NIC1667,1,,,
p033,E07,48h,10,15hHB101,DMSO,1,Closantel,3.125,,,PB420,1,,,
p033,F07,48h,10,15hHB101,DMSO,1,Closantel,3.125,,,ED3102,1,,,
p033,A08,48h,10,15hHB101,DMSO,1,Closantel,6.25,,,ECA2666,1,,,
p033,B08,48h,10,15hHB101,DMSO,1,Closantel,6.25,,,JU3237,1,,,
p033,C08,48h,10,15hHB101,DMSO,1,Closantel,6.25,,,VX34,1,,,
p033,D08,48h,10,15hHB101,DMSO,1,Closantel,6.25,,,NIC1667,1,,,
p033,E08,48h,10,15hHB101,DMSO,1,Closantel,6.25,,,PB420,1,,,
p033,F08,48h,10,15hHB101,DMSO,1,Closantel,6.25,,,ED3102,1,,,
p033,A09,48h,10,15hHB101,DMSO,1,Closantel,12.5,,,ECA2666,1,,,
p033,B09,48h,10,15hHB101,DMSO,1,Closantel,12.5,,,JU3237,1,,,
p033,C09,48h,10,15hHB101,DMSO,1,Closantel,12.5,,,VX34,1,,,
p033,D09,48h,10,15hHB101,DMSO,1,Closantel,12.5,,,NIC1667,1,,,
p033,E09,48h,10,15hHB101,DMSO,1,Closantel,12.5,,,PB420,1,,,
p033,F09,48h,10,15hHB101,DMSO,1,Closantel,12.5,,,ED3102,1,,,
p033,A10,48h,10,15hHB101,DMSO,1,Closantel,25,,,ECA2666,1,,,
p033,B10,48h,10,15hHB101,DMSO,1,Closantel,25,,,JU3237,1,,,
p033,C10,48h,10,15hHB101,DMSO,1,Closantel,25,,,VX34,1,,,
p033,D10,48h,10,15hHB101,DMSO,1,Closantel,25,,,NIC1667,1,,,
p033,E10,48h,10,15hHB101,DMSO,1,Closantel,25,,,PB420,1,,,
p033,F10,48h,10,15hHB101,DMSO,1,Closantel,25,,,ED3102,1,,,
p033,A11,48h,10,15hHB101,DMSO,1,Closantel,50,,,ECA2666,1,,,
p033,B11,48h,10,15hHB101,DMSO,1,Closantel,50,,,JU3237,1,,,
p033,C11,48h,10,15hHB101,DMSO,1,Closantel,50,,,VX34,1,,,
p033,D11,48h,10,15hHB101,DMSO,1,Closantel,50,,,NIC1667,1,,,
p033,E11,48h,10,15hHB101,DMSO,1,Closantel,50,,,PB420,1,,,
p033,F11,48h,10,15hHB101,DMSO,1,Closantel,50,,,ED3102,1,,,
p033,A12,48h,10,15hHB101,DMSO,1,Closantel,100,,,ECA2666,1,,,
p033,B12,48h,10,15hHB101,DMSO,1,Closantel,100,,,JU3237,1,,,
p033,C12,48h,10,15hHB101,DMSO,1,Closantel,100,,,VX34,1,,,
p033,D12,48h,10,15hHB101,DMSO,1,Closantel,100,,,NIC1667,1,,,
p033,E12,48h,10,15hHB101,DMSO,1,Closantel,100,,,PB420,1,,,
p033,F12,48h,10,15hHB101,DMSO,1,Closantel,100,,,ED3102,1,,,
p034,A01,48h,10,15hHB101,DMSO,1,Closantel,0,,,ECA2666,1,,,
p034,B01,48h,10,15hHB101,DMSO,1,Closantel,0,,,JU3237,1,,,
p034,C01,48h,10,15hHB101,DMSO,1,Closantel,0,,,VX34,1,,,
p034,D01,48h,10,15hHB101,DMSO,1,Closantel,0,,,NIC1667,1,,,
p034,E01,48h,10,15hHB101,DMSO,1,Closantel,0,,,PB420,1,,,
p034,F01,48h,10,15hHB101,DMSO,1,Closantel,0,,,ED3102,1,,,
p034,A02,48h,10,15hHB101,DMSO,1,Closantel,0.097,,,ECA2666,1,,,
p034,B02,48h,10,15hHB101,DMSO,1,Closantel,0.097,,,JU3237,1,,,
p034,C02,48h,10,15hHB101,DMSO,1,Closantel,0.097,,,VX34,1,,,
p034,D02,48h,10,15hHB101,DMSO,1,Closantel,0.097,,,NIC1667,1,,,
p034,E02,48h,10,15hHB101,DMSO,1,Closantel,0.097,,,PB420,1,,,
p034,F02,48h,10,15hHB101,DMSO,1,Closantel,0.097,,,ED3102,1,,,
p034,A03,48h,10,15hHB101,DMSO,1,Closantel,0.195,,,ECA2666,1,,,
p034,B03,48h,10,15hHB101,DMSO,1,Closantel,0.195,,,JU3237,1,,,
p034,C03,48h,10,15hHB101,DMSO,1,Closantel,0.195,,,VX34,1,,,
p034,D03,48h,10,15hHB101,DMSO,1,Closantel,0.195,,,NIC1667,1,,,
p034,E03,48h,10,15hHB101,DMSO,1,Closantel,0.195,,,PB420,1,,,
p034,F03,48h,10,15hHB101,DMSO,1,Closantel,0.195,,,ED3102,1,,,
p034,A04,48h,10,15hHB101,DMSO,1,Closantel,0.39,,,ECA2666,1,,,
p034,B04,48h,10,15hHB101,DMSO,1,Closantel,0.39,,,JU3237,1,,,
p034,C04,48h,10,15hHB101,DMSO,1,Closantel,0.39,,,VX34,1,,,
p034,D04,48h,10,15hHB101,DMSO,1,Closantel,0.39,,,NIC1667,1,,,
p034,E04,48h,10,15hHB101,DMSO,1,Closantel,0.39,,,PB420,1,,,
p034,F04,48h,10,15hHB101,DMSO,1,Closantel,0.39,,,ED3102,1,,,
p034,A05,48h,10,15hHB101,DMSO,1,Closantel,0.78,,,ECA2666,1,,,
p034,B05,48h,10,15hHB101,DMSO,1,Closantel,0.78,,,JU3237,1,,,
p034,C05,48h,10,15hHB101,DMSO,1,Closantel,0.78,,,VX34,1,,,
p034,D05,48h,10,15hHB101,DMSO,1,Closantel,0.78,,,NIC1667,1,,,
p034,E05,48h,10,15hHB101,DMSO,1,Closantel,0.78,,,PB420,1,,,
p034,F05,48h,10,15hHB101,DMSO,1,Closantel,0.78,,,ED3102,1,,,
p034,A06,48h,10,15hHB101,DMSO,1,Closantel,1.56,,,ECA2666,1,,,
p034,B06,48h,10,15hHB101,DMSO,1,Closantel,1.56,,,JU3237,1,,,
p034,C06,48h,10,15hHB101,DMSO,1,Closantel,1.56,,,VX34,1,,,
p034,D06,48h,10,15hHB101,DMSO,1,Closantel,1.56,,,NIC1667,1,,,
p034,E06,48h,10,15hHB101,DMSO,1,Closantel,1.56,,,PB420,1,,,
p034,F06,48h,10,15hHB101,DMSO,1,Closantel,1.56,,,ED3102,1,,,
p034,A07,48h,10,15hHB101,DMSO,1,Closantel,3.125,,,ECA2666,1,,,
p034,B07,48h,10,15hHB101,DMSO,1,Closantel,3.125,,,JU3237,1,,,
p034,C07,48h,10,15hHB101,DMSO,1,Closantel,3.125,,,VX34,1,,,
p034,D07,48h,10,15hHB101,DMSO,1,Closantel,3.125,,,NIC1667,1,,,
p034,E07,48h,10,15hHB101,DMSO,1,Closantel,3.125,,,PB420,1,,,
p034,F07,48h,10,15hHB101,DMSO,1,Closantel,3.125,,,ED3102,1,,,
p034,A08,48h,10,15hHB101,DMSO,1,Closantel,6.25,,,ECA2666,1,,,
p034,B08,48h,10,15hHB101,DMSO,1,Closantel,6.25,,,JU3237,1,,,
p034,C08,48h,10,15hHB101,DMSO,1,Closantel,6.25,,,VX34,1,,,
p034,D08,48h,10,15hHB101,DMSO,1,Closantel,6.25,,,NIC1667,1,,,
p034,E08,48h,10,15hHB101,DMSO,1,Closantel,6.25,,,PB420,1,,,
p034,F08,48h,10,15hHB101,DMSO,1,Closantel,6.25,,,ED3102,1,,,
p034,A09,48h,10,15hHB101,DMSO,1,Closantel,12.5,,,ECA2666,1,,,
p034,B09,48h,10,15hHB101,DMSO,1,Closantel,12.5,,,JU3237,1,,,
p034,C09,48h,10,15hHB101,DMSO,1,Closantel,12.5,,,VX34,1,,,
p034,D09,48h,10,15hHB101,DMSO,1,Closantel,12.5,,,NIC1667,1,,,
p034,E09,48h,10,15hHB101,DMSO,1,Closantel,12.5,,,PB420,1,,,
p034,F09,48h,10,15hHB101,DMSO,1,Closantel,12.5,,,ED3102,1,,,
p034,A10,48h,10,15hHB101,DMSO,1,Closantel,25,,,ECA2666,1,,,
p034,B10,48h,10,15hHB101,DMSO,1,Closantel,25,,,JU3237,1,,,
p034,C10,48h,10,15hHB101,DMSO,1,Closantel,25,,,VX34,1,,,
p034,D10,48h,10,15hHB101,DMSO,1,Closantel,25,,,NIC1667,1,,,
p034,E10,48h,10,15hHB101,DMSO,1,Closantel,25,,,PB420,1,,,
p034,F10,48h,10,15hHB101,DMSO,1,Closantel,25,,,ED3102,1,,,
p034,A11,48h,10,15hHB101,DMSO,1,Closantel,50,,,ECA2666,1,,,
p034,B11,48h,10,15hHB101,DMSO,1,Closantel,50,,,JU3237,1,,,
p034,C11,48h,10,15hHB101,DMSO,1,Closantel,50,,,VX34,1,,,
p034,D11,48h,10,15hHB101,DMSO,1,Closantel,50,,,NIC1667,1,,,
p034,E11,48h,10,15hHB101,DMSO,1,Closantel,50,,,PB420,1,,,
p034,F11,48h,10,15hHB101,DMSO,1,Closantel,50,,,ED3102,1,,,
p034,A12,48h,10,15hHB101,DMSO,1,Closantel,100,,,ECA2666,1,,,
p034,B12,48h,10,15hHB101,DMSO,1,Closantel,100,,,JU3237,1,,,
p034,C12,48h,10,15hHB101,DMSO,1,Closantel,100,,,VX34,1,,,
p034,D12,48h,10,15hHB101,DMSO,1,Closantel,100,,,NIC1667,1,,,
p034,E12,48h,10,15hHB101,DMSO,1,Closantel,100,,,PB420,1,,,
p034,F12,48h,10,15hHB101,DMSO,1,Closantel,100,,,ED3102,1,,,
p035,A01,48h,10,15hHB101,DMSO,1,Closantel,0,,,ECA2666,1,,,
p035,B01,48h,10,15hHB101,DMSO,1,Closantel,0,,,JU3237,1,,,
p035,C01,48h,10,15hHB101,DMSO,1,Closantel,0,,,VX34,1,,,
p035,D01,48h,10,15hHB101,DMSO,1,Closantel,0,,,NIC1667,1,,,
p035,E01,48h,10,15hHB101,DMSO,1,Closantel,0,,,PB420,1,,,
p035,F01,48h,10,15hHB101,DMSO,1,Closantel,0,,,ED3102,1,,,
p035,A02,48h,10,15hHB101,DMSO,1,Closantel,0.097,,,ECA2666,1,,,
p035,B02,48h,10,15hHB101,DMSO,1,Closantel,0.097,,,JU3237,1,,,
p035,C02,48h,10,15hHB101,DMSO,1,Closantel,0.097,,,VX34,1,,,
p035,D02,48h,10,15hHB101,DMSO,1,Closantel,0.097,,,NIC1667,1,,,
p035,E02,48h,10,15hHB101,DMSO,1,Closantel,0.097,,,PB420,1,,,
p035,F02,48h,10,15hHB101,DMSO,1,Closantel,0.097,,,ED3102,1,,,
p035,A03,48h,10,15hHB101,DMSO,1,Closantel,0.195,,,ECA2666,1,,,
p035,B03,48h,10,15hHB101,DMSO,1,Closantel,0.195,,,JU3237,1,,,
p035,C03,48h,10,15hHB101,DMSO,1,Closantel,0.195,,,VX34,1,,,
p035,D03,48h,10,15hHB101,DMSO,1,Closantel,0.195,,,NIC1667,1,,,
p035,E03,48h,10,15hHB101,DMSO,1,Closantel,0.195,,,PB420,1,,,
p035,F03,48h,10,15hHB101,DMSO,1,Closantel,0.195,,,ED3102,1,,,
p035,A04,48h,10,15hHB101,DMSO,1,Closantel,0.39,,,ECA2666,1,,,
p035,B04,48h,10,15hHB101,DMSO,1,Closantel,0.39,,,JU3237,1,,,
p035,C04,48h,10,15hHB101,DMSO,1,Closantel,0.39,,,VX34,1,,,
p035,D04,48h,10,15hHB101,DMSO,1,Closantel,0.39,,,NIC1667,1,,,
p035,E04,48h,10,15hHB101,DMSO,1,Closantel,0.39,,,PB420,1,,,
p035,F04,48h,10,15hHB101,DMSO,1,Closantel,0.39,,,ED3102,1,,,
p035,A05,48h,10,15hHB101,DMSO,1,Closantel,0.78,,,ECA2666,1,,,
p035,B05,48h,10,15hHB101,DMSO,1,Closantel,0.78,,,JU3237,1,,,
p035,C05,48h,10,15hHB101,DMSO,1,Closantel,0.78,,,VX34,1,,,
p035,D05,48h,10,15hHB101,DMSO,1,Closantel,0.78,,,NIC1667,1,,,
p035,E05,48h,10,15hHB101,DMSO,1,Closantel,0.78,,,PB420,1,,,
p035,F05,48h,10,15hHB101,DMSO,1,Closantel,0.78,,,ED3102,1,,,
p035,A06,48h,10,15hHB101,DMSO,1,Closantel,1.56,,,ECA2666,1,,,
p035,B06,48h,10,15hHB101,DMSO,1,Closantel,1.56,,,JU3237,1,,,
p035,C06,48h,10,15hHB101,DMSO,1,Closantel,1.56,,,VX34,1,,,
p035,D06,48h,10,15hHB101,DMSO,1,Closantel,1.56,,,NIC1667,1,,,
p035,E06,48h,10,15hHB101,DMSO,1,Closantel,1.56,,,PB420,1,,,
p035,F06,48h,10,15hHB101,DMSO,1,Closantel,1.56,,,ED3102,1,,,
p035,A07,48h,10,15hHB101,DMSO,1,Closantel,3.125,,,ECA2666,1,,,
p035,B07,48h,10,15hHB101,DMSO,1,Closantel,3.125,,,JU3237,1,,,
p035,C07,48h,10,15hHB101,DMSO,1,Closantel,3.125,,,VX34,1,,,
p035,D07,48h,10,15hHB101,DMSO,1,Closantel,3.125,,,NIC1667,1,,,
p035,E07,48h,10,15hHB101,DMSO,1,Closantel,3.125,,,PB420,1,,,
p035,F07,48h,10,15hHB101,DMSO,1,Closantel,3.125,,,ED3102,1,,,
p035,A08,48h,10,15hHB101,DMSO,1,Closantel,6.25,,,ECA2666,1,,,
p035,B08,48h,10,15hHB101,DMSO,1,Closantel,6.25,,,JU3237,1,,,
p035,C08,48h,10,15hHB101,DMSO,1,Closantel,6.25,,,VX34,1,,,
p035,D08,48h,10,15hHB101,DMSO,1,Closantel,6.25,,,NIC1667,1,,,
p035,E08,48h,10,15hHB101,DMSO,1,Closantel,6.25,,,PB420,1,,,
p035,F08,48h,10,15hHB101,DMSO,1,Closantel,6.25,,,ED3102,1,,,
p035,A09,48h,10,15hHB101,DMSO,1,Closantel,12.5,,,ECA2666,1,,,
p035,B09,48h,10,15hHB101,DMSO,1,Closantel,12.5,,,JU3237,1,,,
p035,C09,48h,10,15hHB101,DMSO,1,Closantel,12.5,,,VX34,1,,,
p035,D09,48h,10,15hHB101,DMSO,1,Closantel,12.5,,,NIC1667,1,,,
p035,E09,48h,10,15hHB101,DMSO,1,Closantel,12.5,,,PB420,1,,,
p035,F09,48h,10,15hHB101,DMSO,1,Closantel,12.5,,,ED3102,1,,,
p035,A10,48h,10,15hHB101,DMSO,1,Closantel,25,,,ECA2666,1,,,
p035,B10,48h,10,15hHB101,DMSO,1,Closantel,25,,,JU3237,1,,,
p035,C10,48h,10,15hHB101,DMSO,1,Closantel,25,,,VX34,1,,,
p035,D10,48h,10,15hHB101,DMSO,1,Closantel,25,,,NIC1667,1,,,
p035,E10,48h,10,15hHB101,DMSO,1,Closantel,25,,,PB420,1,,,
p035,F10,48h,10,15hHB101,DMSO,1,Closantel,25,,,ED3102,1,,,
p035,A11,48h,10,15hHB101,DMSO,1,Closantel,50,,,ECA2666,1,,,
p035,B11,48h,10,15hHB101,DMSO,1,Closantel,50,,,JU3237,1,,,
p035,C11,48h,10,15hHB101,DMSO,1,Closantel,50,,,VX34,1,,,
p035,D11,48h,10,15hHB101,DMSO,1,Closantel,50,,,NIC1667,1,,,
p035,E11,48h,10,15hHB101,DMSO,1,Closantel,50,,,PB420,1,,,
p035,F11,48h,10,15hHB101,DMSO,1,Closantel,50,,,ED3102,1,,,
p035,A12,48h,10,15hHB101,DMSO,1,Closantel,100,,,ECA2666,1,,,
p035,B12,48h,10,15hHB101,DMSO,1,Closantel,100,,,JU3237,1,,,
p035,C12,48h,10,15hHB101,DMSO,1,Closantel,100,,,VX34,1,,,
p035,D12,48h,10,15hHB101,DMSO,1,Closantel,100,,,NIC1667,1,,,
p035,E12,48h,10,15hHB101,DMSO,1,Closantel,100,,,PB420,1,,,
p035,F12,48h,10,15hHB101,DMSO,1,Closantel,100,,,ED3102,1,,,
p036,A01,48h,10,15hHB101,DMSO,1,Closantel,0,,,ECA2666,1,,,
p036,B01,48h,10,15hHB101,DMSO,1,Closantel,0,,,JU3237,1,,,
p036,C01,48h,10,15hHB101,DMSO,1,Closantel,0,,,VX34,1,,,
p036,D01,48h,10,15hHB101,DMSO,1,Closantel,0,,,NIC1667,1,,,
p036,E01,48h,10,15hHB101,DMSO,1,Closantel,0,,,PB420,1,,,
p036,F01,48h,10,15hHB101,DMSO,1,Closantel,0,,,ED3102,1,,,
p036,A02,48h,10,15hHB101,DMSO,1,Closantel,0.097,,,ECA2666,1,,,
p036,B02,48h,10,15hHB101,DMSO,1,Closantel,0.097,,,JU3237,1,,,
p036,C02,48h,10,15hHB101,DMSO,1,Closantel,0.097,,,VX34,1,,,
p036,D02,48h,10,15hHB101,DMSO,1,Closantel,0.097,,,NIC1667,1,,,
p036,E02,48h,10,15hHB101,DMSO,1,Closantel,0.097,,,PB420,1,,,
p036,F02,48h,10,15hHB101,DMSO,1,Closantel,0.097,,,ED3102,1,,,
p036,A03,48h,10,15hHB101,DMSO,1,Closantel,0.195,,,ECA2666,1,,,
p036,B03,48h,10,15hHB101,DMSO,1,Closantel,0.195,,,JU3237,1,,,
p036,C03,48h,10,15hHB101,DMSO,1,Closantel,0.195,,,VX34,1,,,
p036,D03,48h,10,15hHB101,DMSO,1,Closantel,0.195,,,NIC1667,1,,,
p036,E03,48h,10,15hHB101,DMSO,1,Closantel,0.195,,,PB420,1,,,
p036,F03,48h,10,15hHB101,DMSO,1,Closantel,0.195,,,ED3102,1,,,
p036,A04,48h,10,15hHB101,DMSO,1,Closantel,0.39,,,ECA2666,1,,,
p036,B04,48h,10,15hHB101,DMSO,1,Closantel,0.39,,,JU3237,1,,,
p036,C04,48h,10,15hHB101,DMSO,1,Closantel,0.39,,,VX34,1,,,
p036,D04,48h,10,15hHB101,DMSO,1,Closantel,0.39,,,NIC1667,1,,,
p036,E04,48h,10,15hHB101,DMSO,1,Closantel,0.39,,,PB420,1,,,
p036,F04,48h,10,15hHB101,DMSO,1,Closantel,0.39,,,ED3102,1,,,
p036,A05,48h,10,15hHB101,DMSO,1,Closantel,0.78,,,ECA2666,1,,,
p036,B05,48h,10,15hHB101,DMSO,1,Closantel,0.78,,,JU3237,1,,,
p036,C05,48h,10,15hHB101,DMSO,1,Closantel,0.78,,,VX34,1,,,
p036,D05,48h,10,15hHB101,DMSO,1,Closantel,0.78,,,NIC1667,1,,,
p036,E05,48h,10,15hHB101,DMSO,1,Closantel,0.78,,,PB420,1,,,
p036,F05,48h,10,15hHB101,DMSO,1,Closantel,0.78,,,ED3102,1,,,
p036,A06,48h,10,15hHB101,DMSO,1,Closantel,1.56,,,ECA2666,1,,,
p036,B06,48h,10,15hHB101,DMSO,1,Closantel,1.56,,,JU3237,1,,,
p036,C06,48h,10,15hHB101,DMSO,1,Closantel,1.56,,,VX34,1,,,
p036,D06,48h,10,15hHB101,DMSO,1,Closantel,1.56,,,NIC1667,1,,,
p036,E06,48h,10,15hHB101,DMSO,1,Closantel,1.56,,,PB420,1,,,
p036,F06,48h,10,15hHB101,DMSO,1,Closantel,1.56,,,ED3102,1,,,
p036,A07,48h,10,15hHB101,DMSO,1,Closantel,3.125,,,ECA2666,1,,,
p036,B07,48h,10,15hHB101,DMSO,1,Closantel,3.125,,,JU3237,1,,,
p036,C07,48h,10,15hHB101,DMSO,1,Closantel,3.125,,,VX34,1,,,
p036,D07,48h,10,15hHB101,DMSO,1,Closantel,3.125,,,NIC1667,1,,,
p036,E07,48h,10,15hHB101,DMSO,1,Closantel,3.125,,,PB420,1,,,
p036,F07,48h,10,15hHB101,DMSO,1,Closantel,3.125,,,ED3102,1,,,
p036,A08,48h,10,15hHB101,DMSO,1,Closantel,6.25,,,ECA2666,1,,,
p036,B08,48h,10,15hHB101,DMSO,1,Closantel,6.25,,,JU3237,1,,,
p036,C08,48h,10,15hHB101,DMSO,1,Closantel,6.25,,,VX34,1,,,
p036,D08,48h,10,15hHB101,DMSO,1,Closantel,6.25,,,NIC1667,1,,,
p036,E08,48h,10,15hHB101,DMSO,1,Closantel,6.25,,,PB420,1,,,
p036,F08,48h,10,15hHB101,DMSO,1,Closantel,6.25,,,ED3102,1,,,
p036,A09,48h,10,15hHB101,DMSO,1,Closantel,12.5,,,ECA2666,1,,,
p036,B09,48h,10,15hHB101,DMSO,1,Closantel,12.5,,,JU3237,1,,,
p036,C09,48h,10,15hHB101,DMSO,1,Closantel,12.5,,,VX34,1,,,
p036,D09,48h,10,15hHB101,DMSO,1,Closantel,12.5,,,NIC1667,1,,,
p036,E09,48h,10,15hHB101,DMSO,1,Closantel,12.5,,,PB420,1,,,
p036,F09,48h,10,15hHB101,DMSO,1,Closantel,12.5,,,ED3102,1,,,
p036,A10,48h,10,15hHB101,DMSO,1,Closantel,25,,,ECA2666,1,,,
p036,B10,48h,10,15hHB101,DMSO,1,Closantel,25,,,JU3237,1,,,
p036,C10,48h,10,15hHB101,DMSO,1,Closantel,25,,,VX34,1,,,
p036,D10,48h,10,15hHB101,DMSO,1,Closantel,25,,,NIC1667,1,,,
p036,E10,48h,10,15hHB101,DMSO,1,Closantel,25,,,PB420,1,,,
p036,F10,48h,10,15hHB101,DMSO,1,Closantel,25,,,ED3102,1,,,
p036,A11,48h,10,15hHB101,DMSO,1,Closantel,50,,,ECA2666,1,,,
p036,B11,48h,10,15hHB101,DMSO,1,Closantel,50,,,JU3237,1,,,
p036,C11,48h,10,15hHB101,DMSO,1,Closantel,50,,,VX34,1,,,
p036,D11,48h,10,15hHB101,DMSO,1,Closantel,50,,,NIC1667,1,,,
p036,E11,48h,10,15hHB101,DMSO,1,Closantel,50,,,PB420,1,,,
p036,F11,48h,10,15hHB101,DMSO,1,Closantel,50,,,ED3102,1,,,
p036,A12,48h,10,15hHB101,DMSO,1,Closantel,100,,,ECA2666,1,,,
p036,B12,48h,10,15hHB101,DMSO,1,Closantel,100,,,JU3237,1,,,
p036,C12,48h,10,15hHB101,DMSO,1,Closantel,100,,,VX34,1,,,
p036,D12,48h,10,15hHB101,DMSO,1,Closantel,100,,,NIC1667,1,,,
p036,E12,48h,10,15hHB101,DMSO,1,Closantel,100,,,PB420,1,,,
p036,F12,48h,10,15hHB101,DMSO,1,Closantel,100,,,ED3102,1,,,