"drug","AF16","ECA2666","ED3102","JU3237","NIC1667","VX34"
"Albendazole","0.292011311240149 ± 0.0108456851438335","0.343980786481829 ± 0.014442301084722","0.298859655554363 ± 0.011392523617247","0.299075857417972 ± 0.0112419790454488","0.336611978522849 ± 0.0138756944020428","0.283113724250396 ± 0.010288593209169"
"Fenbendazole","0.326576624840072 ± 0.0129206020156692","0.38462310994733 ± 0.0174853851539868","0.344226221942932 ± 0.0139902633931949","0.324001752244594 ± 0.0124901866971831","0.346097052902266 ± 0.0142889386194987","0.346650921959578 ± 0.0141205972806272"
"Ivermectin","0.629878394109129 ± 0.0500937625363805","0.623497311891067 ± 0.0494773569002054","0.56827759429664 ± 0.0424099934086639","0.785864100733421 ± 0.0666031881034418","0.607646611042894 ± 0.0473612693993165","0.687742962132326 ± 0.0541088477509499"
"Moxidectin","0.598438826015336 ± 0.0375507111991045","0.681119046966926 ± 0.0448972121432533","0.825265147858987 ± 0.0552436266180523","0.603436431530637 ± 0.0388533204621185","0.640768203211802 ± 0.0411928441123323","0.674476953924842 ± 0.0426912941837905"
"Milbemycin","2.29924535426513 ± 0.174859597245794","1.21812120818866 ± 0.0783567549457595","1.54810619227426 ± 0.113096048806065","1.35234079952355 ± 0.0906724758510544","2.58071585667953 ± 0.201868636879721","2.20093591822175 ± 0.215197498408258"
"Levamisole","0.487470435773004 ± 0.0228969120597373","0.541624233876257 ± 0.0268869507952002","0.478528646721046 ± 0.0226988350988856","0.491566590119804 ± 0.0228954547575839","0.569284456835688 ± 0.0302366903348402","0.529433423058589 ± 0.025107229516099"
"Pyrantel","1.15815946655015 ± 0.0414609740102573","1.03948504005835 ± 0.0383029620794193","1.79120229894676 ± 0.0914722814863233","0.986977393850045 ± 0.0311189172889595","1.59600027885195 ± 0.0790738175235459","1.13025057273502 ± 0.0411872078706637"
"Emodepside","2.05071178008425 ± 0.290898012376764","0.703940417791575 ± 0.0601426948720022","1.3283965233976 ± 0.168260646263966","0.486363222014374 ± 0.0343081734443611","1.17540801220777 ± 0.139682487916817","0.60133249344015 ± 0.0466163040694777"
"Closantel","0.856146236190375 ± 0.0368187896705207","0.704795449515372 ± 0.0296681822314947","0.736729780248495 ± 0.0306976639005269","0.90552690461676 ± 0.0396474464013358","1.0819347740011 ± 0.0528817116434694","0.772512559370247 ± 0.0325608245155851"
